{"best/epoch": 119, "best/precision": 0.9737921077313344, "best/recall": 0.9834047609275368, "best/mAP_0.5": 0.9888068943932027, "best/mAP_0.5:0.95": 0.9080755669559092, "Labels": {"_type": "images/separated", "width": 2000, "height": 2000, "format": "jpg", "count": 2, "filenames": ["media/images/Labels_0_046f2b882cce0553e370.jpg", "media/images/Labels_0_09321eb4fe825f394389.jpg"], "captions": ["labels_correlogram.jpg", "labels.jpg"]}, "Mosaics": {"_type": "images/separated", "width": 1664, "height": 1664, "format": "jpg", "count": 3, "filenames": ["media/images/Mosaics_0_50a85d0b424402839739.jpg", "media/images/Mosaics_0_0142dcd52897b036bb47.jpg", "media/images/Mosaics_0_94afc2d0db49dc990590.jpg"], "captions": ["train_batch0.jpg", "train_batch1.jpg", "train_batch2.jpg"]}, "train/box_loss": 0.011453698389232159, "train/obj_loss": 0.006968015339225531, "train/cls_loss": 0.003373734885826707, "metrics/precision": 0.9738507576083528, "metrics/recall": 0.9833879492143575, "metrics/mAP_0.5": 0.9888120274750649, "metrics/mAP_0.5:0.95": 0.908047963134475, "val/box_loss": 0.010300782509148121, "val/obj_loss": 0.004732078406959772, "val/cls_loss": 0.0025096191093325615, "x/lr0": 0.00026500000000000053, "x/lr1": 0.00026500000000000053, "x/lr2": 0.00026500000000000053, "_timestamp": 1651375571, "_runtime": 114314, "_step": 120, "BoundingBoxDebugger": {"_type": "images/separated", "width": 448, "height": 448, "format": "png", "count": 16, "filenames": ["media/images/BoundingBoxDebugger_119_53e6944a82bb76167f8e.png", "media/images/BoundingBoxDebugger_119_16251d848c65c34653a1.png", "media/images/BoundingBoxDebugger_119_c42eadb011ecc7bed945.png", "media/images/BoundingBoxDebugger_119_ced3fa724df809c925d9.png", "media/images/BoundingBoxDebugger_119_d57d5cf25e5089af7744.png", "media/images/BoundingBoxDebugger_119_1df934bcd91f569ac3a6.png", "media/images/BoundingBoxDebugger_119_4f5cc38eb13b65e97d99.png", "media/images/BoundingBoxDebugger_119_a69285c9f554c769d363.png", "media/images/BoundingBoxDebugger_119_a6b17c6972864775089e.png", "media/images/BoundingBoxDebugger_119_d4bcf409a5d29d5f90c8.png", "media/images/BoundingBoxDebugger_119_686cb74ae1a948a223cf.png", "media/images/BoundingBoxDebugger_119_8ec3d66d71072c3352a9.png", "media/images/BoundingBoxDebugger_119_85221f1b6d489a4521b8.png", "media/images/BoundingBoxDebugger_119_7e0bfc1fbeef893f1810.png", "media/images/BoundingBoxDebugger_119_df599bcd92c940734311.png", "media/images/BoundingBoxDebugger_119_b257c16075ee9ddfab0c.png"], "captions": ["000507247_jpg.rf.6a57e870859691da0fcd008760344bcc.jpg", "672969133_jpg.rf.fa544c5f3882d548403920f3fe929040.jpg", "673307099_jpg.rf.3dda8a48002c619b4c5e3a276ff44fdd.jpg", "673312871_jpg.rf.f1eb9438fdc3ad89813d8cd40c7fc2c0.jpg", "673372784_jpg.rf.298c83e6c8eb57acd0457896bef3b570.jpg", "673465788_jpg.rf.e22833fc75969c3c7c154a7ce308813d.jpg", "673727332_jpg.rf.b7fe97fa40c164946cd56595eb457d64.jpg", "673807455_jpg.rf.ee7162d94ccea10e600503e12f366ecd.jpg", "674031368_jpg.rf.1393fdac5550e10094f0160569273d3e.jpg", "674216049_jpg.rf.7de705ebe92dd3a06949ee168fe65e41.jpg", "674349783_jpg.rf.b8eda27c078a4bf8e41d32b87c15a2b1.jpg", "674890986_jpg.rf.f0e6c0f040e812275ae1b2c7a15dba7c.jpg", "674940332_jpg.rf.d109a79be8b3a59e19dba9272a6eeb05.jpg", "675273005_jpg.rf.bb33f589f4988a6f1727d192fc8bd4cf.jpg", "675280777_jpg.rf.6c7efe65e415671aebb84ae1b6743df9.jpg", "675410377_jpg.rf.b3f1be1c4b0f8934076f91a780b4472d.jpg"], "all_boxes": [{"predictions": {"_type": "boxes2D", "sha256": "0755471a4da2533b47c0d9cfa8bc5b99b1b592f49bc1b00b32271353026e37f8", "size": 17177, "path": "media/metadata/boxes2D/BoundingBoxDebugger_119_0755471a4da2533b47c0.boxes2D.json"}}, {"predictions": {"_type": "boxes2D", "sha256": "ff7909d7cf6e23b90457c0981d2e07198442f902012d6b4b0474b7ece4b8f68d", "size": 22625, "path": "media/metadata/boxes2D/BoundingBoxDebugger_119_ff7909d7cf6e23b90457.boxes2D.json"}}, {"predictions": {"_type": "boxes2D", "sha256": "7fcdffa4ad8a08e8a5065d6f37a92c0257f29024d00ad5cbef7eb14b95753ed2", "size": 19284, "path": "media/metadata/boxes2D/BoundingBoxDebugger_119_7fcdffa4ad8a08e8a506.boxes2D.json"}}, {"predictions": {"_type": "boxes2D", "sha256": "f653f03cf7627e190d298a52cd0037da206bbe2b5ef56c27833180db1a0c83a8", "size": 19276, "path": "media/metadata/boxes2D/BoundingBoxDebugger_119_f653f03cf7627e190d29.boxes2D.json"}}, {"predictions": {"_type": "boxes2D", "sha256": "da5e0ae31d7fee8e73b13eaac6e72e0c355d807186d355e279baf1d5a162591b", "size": 10511, "path": "media/metadata/boxes2D/BoundingBoxDebugger_119_da5e0ae31d7fee8e73b1.boxes2D.json"}}, {"predictions": {"_type": "boxes2D", "sha256": "ca7c67b4a69a321689700894b4070eaceade21b08b63bdd9b3c726c633a3d21a", "size": 17115, "path": "media/metadata/boxes2D/BoundingBoxDebugger_119_ca7c67b4a69a32168970.boxes2D.json"}}, {"predictions": {"_type": "boxes2D", "sha256": "adeb2a7e05f3860bbeb9fe04fb4481f063de7f87cfe590111b9ae75e9d6e490c", "size": 17041, "path": "media/metadata/boxes2D/BoundingBoxDebugger_119_adeb2a7e05f3860bbeb9.boxes2D.json"}}, {"predictions": {"_type": "boxes2D", "sha256": "8c6b59be5d0f36388c9c962372310f81d87f82e84d5949101f8bdc4e31f56f3e", "size": 14510, "path": "media/metadata/boxes2D/BoundingBoxDebugger_119_8c6b59be5d0f36388c9c.boxes2D.json"}}, {"predictions": {"_type": "boxes2D", "sha256": "c91950ce2e3b5ab027b8dcf22a93b181f8161fae9898b2218e2d1183eb1c12dc", "size": 27334, "path": "media/metadata/boxes2D/BoundingBoxDebugger_119_c91950ce2e3b5ab027b8.boxes2D.json"}}, {"predictions": {"_type": "boxes2D", "sha256": "dda772d481c6988be40c594577800d1dc843e11680ffa37399cec02f9056d848", "size": 14284, "path": "media/metadata/boxes2D/BoundingBoxDebugger_119_dda772d481c6988be40c.boxes2D.json"}}, {"predictions": {"_type": "boxes2D", "sha256": "b39acf2579bfd489177123232576e877d30d39f070f63f53dac6d2b7ca5fb799", "size": 18761, "path": "media/metadata/boxes2D/BoundingBoxDebugger_119_b39acf2579bfd4891771.boxes2D.json"}}, {"predictions": {"_type": "boxes2D", "sha256": "d401da4b96cf233ab57c3a1c4a497704f9cd790f17dc614af61bb29491f1dbc4", "size": 16951, "path": "media/metadata/boxes2D/BoundingBoxDebugger_119_d401da4b96cf233ab57c.boxes2D.json"}}, {"predictions": {"_type": "boxes2D", "sha256": "1426829ad4ad4586d74078b1aaa53aaf429501599a2426aeea296f2cb227cae2", "size": 12623, "path": "media/metadata/boxes2D/BoundingBoxDebugger_119_1426829ad4ad4586d740.boxes2D.json"}}, {"predictions": {"_type": "boxes2D", "sha256": "3309b27b8f597555f4727aff9a15d0a10b436e54ebb823747bfa1381c2dcd67d", "size": 16523, "path": "media/metadata/boxes2D/BoundingBoxDebugger_119_3309b27b8f597555f472.boxes2D.json"}}, {"predictions": {"_type": "boxes2D", "sha256": "b9fe430ac6de8bdacddaf761a0ab437e865aab7eed18fff8a6834b22404c47de", "size": 14197, "path": "media/metadata/boxes2D/BoundingBoxDebugger_119_b9fe430ac6de8bdacdda.boxes2D.json"}}, {"predictions": {"_type": "boxes2D", "sha256": "7e23adaf646200405d24a94f9a878cef734bbd144ad3bab1eca087a2b9126b8e", "size": 16127, "path": "media/metadata/boxes2D/BoundingBoxDebugger_119_7e23adaf646200405d24.boxes2D.json"}}]}, "Validation": {"_type": "images/separated", "width": 1792, "height": 1792, "format": "jpg", "count": 6, "filenames": ["media/images/Validation_120_e57774dcaaf85d0ae604.jpg", "media/images/Validation_120_bf8a01578239ad36fcb4.jpg", "media/images/Validation_120_80247939fbe1b58fb48f.jpg", "media/images/Validation_120_2da87b7c2368c2f86fac.jpg", "media/images/Validation_120_de0c8e8272221ec5d179.jpg", "media/images/Validation_120_e63a8a2be395e32906b6.jpg"], "captions": ["val_batch0_labels.jpg", "val_batch0_pred.jpg", "val_batch1_labels.jpg", "val_batch1_pred.jpg", "val_batch2_labels.jpg", "val_batch2_pred.jpg"]}, "Results": {"_type": "images/separated", "width": 2400, "height": 1200, "format": "png", "count": 6,